{
  "Config #3 request" : {
    "transaction" : "Config #3 request",
    "sampleCount" : 1680,
    "errorCount" : 8,
    "errorPct" : 0.47619048,
    "meanResTime" : 487.44285714285775,
    "medianResTime" : 471.0,
    "minResTime" : 311.0,
    "maxResTime" : 850.0,
    "pct1ResTime" : 570.9000000000001,
    "pct2ResTime" : 602.0,
    "pct3ResTime" : 669.1400000000003,
    "throughput" : 4.067924656224046,
    "receivedKBytesPerSec" : 0.9176665972536665,
    "sentKBytesPerSec" : 0.0
  },
  "Total" : {
    "transaction" : "Total",
    "sampleCount" : 5040,
    "errorCount" : 3349,
    "errorPct" : 66.44841,
    "meanResTime" : 812.7198412698419,
    "medianResTime" : 872.0,
    "minResTime" : 311.0,
    "maxResTime" : 1494.0,
    "pct1ResTime" : 1071.0,
    "pct2ResTime" : 1107.0,
    "pct3ResTime" : 1155.0,
    "throughput" : 12.18695367264972,
    "receivedKBytesPerSec" : 2.749205369513755,
    "sentKBytesPerSec" : 0.0
  },
  "Config #2 request" : {
    "transaction" : "Config #2 request",
    "sampleCount" : 1680,
    "errorCount" : 1661,
    "errorPct" : 98.86905,
    "meanResTime" : 879.0601190476186,
    "medianResTime" : 872.0,
    "minResTime" : 710.0,
    "maxResTime" : 1299.0,
    "pct1ResTime" : 935.0,
    "pct2ResTime" : 949.0,
    "pct3ResTime" : 1026.9000000000005,
    "throughput" : 4.0642539191019935,
    "receivedKBytesPerSec" : 0.9168385305786723,
    "sentKBytesPerSec" : 0.0
  },
  "Config #1 request" : {
    "transaction" : "Config #1 request",
    "sampleCount" : 1680,
    "errorCount" : 1680,
    "errorPct" : 100.0,
    "meanResTime" : 1071.6565476190458,
    "medianResTime" : 1067.0,
    "minResTime" : 910.0,
    "maxResTime" : 1494.0,
    "pct1ResTime" : 1129.0,
    "pct2ResTime" : 1149.0,
    "pct3ResTime" : 1179.5700000000002,
    "throughput" : 4.062317890883239,
    "receivedKBytesPerSec" : 0.9164017898379183,
    "sentKBytesPerSec" : 0.0
  }
}