{
  "Config #3 request" : {
    "transaction" : "Config #3 request",
    "sampleCount" : 1120,
    "errorCount" : 105,
    "errorPct" : 9.375,
    "meanResTime" : 1089.4223214285707,
    "medianResTime" : 604.0,
    "minResTime" : 370.0,
    "maxResTime" : 23964.0,
    "pct1ResTime" : 735.9,
    "pct2ResTime" : 992.8500000000001,
    "pct3ResTime" : 17368.37,
    "throughput" : 3.6860414218904785,
    "receivedKBytesPerSec" : 0.8316540966894741,
    "sentKBytesPerSec" : 0.0
  },
  "Total" : {
    "transaction" : "Total",
    "sampleCount" : 3360,
    "errorCount" : 2345,
    "errorPct" : 69.791664,
    "meanResTime" : 1393.7193452380955,
    "medianResTime" : 993.0,
    "minResTime" : 370.0,
    "maxResTime" : 23968.0,
    "pct1ResTime" : 1235.0,
    "pct2ResTime" : 1395.8999999999996,
    "pct3ResTime" : 17601.39,
    "throughput" : 11.043658606329725,
    "receivedKBytesPerSec" : 2.4918140626694756,
    "sentKBytesPerSec" : 0.0
  },
  "Config #2 request" : {
    "transaction" : "Config #2 request",
    "sampleCount" : 1120,
    "errorCount" : 1120,
    "errorPct" : 100.0,
    "meanResTime" : 1451.9767857142872,
    "medianResTime" : 972.0,
    "minResTime" : 773.0,
    "maxResTime" : 23968.0,
    "pct1ResTime" : 1115.9,
    "pct2ResTime" : 1363.7500000000002,
    "pct3ResTime" : 19046.909999999934,
    "throughput" : 3.6837621736828083,
    "receivedKBytesPerSec" : 0.8311976626200102,
    "sentKBytesPerSec" : 0.0
  },
  "Config #1 request" : {
    "transaction" : "Config #1 request",
    "sampleCount" : 1120,
    "errorCount" : 1120,
    "errorPct" : 100.0,
    "meanResTime" : 1639.75892857143,
    "medianResTime" : 1164.0,
    "minResTime" : 970.0,
    "maxResTime" : 23966.0,
    "pct1ResTime" : 1295.9,
    "pct2ResTime" : 1592.6000000000004,
    "pct3ResTime" : 19049.279999999933,
    "throughput" : 3.6812195354432418,
    "receivedKBytesPerSec" : 0.8306239461687379,
    "sentKBytesPerSec" : 0.0
  }
}