{
  "Config #3 request" : {
    "transaction" : "Config #3 request",
    "sampleCount" : 840,
    "errorCount" : 751,
    "errorPct" : 89.40476,
    "meanResTime" : 742.5476190476189,
    "medianResTime" : 703.0,
    "minResTime" : 659.0,
    "maxResTime" : 1888.0,
    "pct1ResTime" : 814.9,
    "pct2ResTime" : 987.5999999999995,
    "pct3ResTime" : 1408.1900000000014,
    "throughput" : 2.0532676287692126,
    "receivedKBytesPerSec" : 0.46318830297430486,
    "sentKBytesPerSec" : 0.0
  },
  "Total" : {
    "transaction" : "Total",
    "sampleCount" : 2520,
    "errorCount" : 2431,
    "errorPct" : 96.468254,
    "meanResTime" : 1132.9511904761894,
    "medianResTime" : 1100.0,
    "minResTime" : 659.0,
    "maxResTime" : 3131.0,
    "pct1ResTime" : 1516.0,
    "pct2ResTime" : 1560.0,
    "pct3ResTime" : 1840.9599999999991,
    "throughput" : 2.0512870605300626,
    "receivedKBytesPerSec" : 0.4627415146312933,
    "sentKBytesPerSec" : 0.0
  },
  "Config #2 request" : {
    "transaction" : "Config #2 request",
    "sampleCount" : 840,
    "errorCount" : 840,
    "errorPct" : 100.0,
    "meanResTime" : 1124.2690476190476,
    "medianResTime" : 1098.0,
    "minResTime" : 1054.0,
    "maxResTime" : 1748.0,
    "pct1ResTime" : 1161.0,
    "pct2ResTime" : 1264.7499999999995,
    "pct3ResTime" : 1641.77,
    "throughput" : 2.0512319601474935,
    "receivedKBytesPerSec" : 0.46272908475983493,
    "sentKBytesPerSec" : 0.0
  },
  "Config #1 request" : {
    "transaction" : "Config #1 request",
    "sampleCount" : 840,
    "errorCount" : 840,
    "errorPct" : 100.0,
    "meanResTime" : 1532.0369047619045,
    "medianResTime" : 1497.0,
    "minResTime" : 1457.0,
    "maxResTime" : 3131.0,
    "pct1ResTime" : 1600.9,
    "pct2ResTime" : 1713.8999999999999,
    "pct3ResTime" : 2103.1800000000003,
    "throughput" : 2.0494303071705664,
    "receivedKBytesPerSec" : 0.4623226571839852,
    "sentKBytesPerSec" : 0.0
  }
}