{
  "Config #3 request" : {
    "transaction" : "Config #3 request",
    "sampleCount" : 280,
    "errorCount" : 0,
    "errorPct" : 0.0,
    "meanResTime" : 448.58571428571446,
    "medianResTime" : 449.0,
    "minResTime" : 326.0,
    "maxResTime" : 622.0,
    "pct1ResTime" : 524.0,
    "pct2ResTime" : 548.8,
    "pct3ResTime" : 611.9,
    "throughput" : 2.478336682038255,
    "receivedKBytesPerSec" : 0.5590779038582392,
    "sentKBytesPerSec" : 0.0
  },
  "Total" : {
    "transaction" : "Total",
    "sampleCount" : 840,
    "errorCount" : 556,
    "errorPct" : 66.190475,
    "meanResTime" : 774.6964285714283,
    "medianResTime" : 840.0,
    "minResTime" : 326.0,
    "maxResTime" : 1201.0,
    "pct1ResTime" : 1065.9,
    "pct2ResTime" : 1086.9499999999998,
    "pct3ResTime" : 1150.77,
    "throughput" : 7.396189201563765,
    "receivedKBytesPerSec" : 1.6684762749621385,
    "sentKBytesPerSec" : 0.0
  },
  "Config #2 request" : {
    "transaction" : "Config #2 request",
    "sampleCount" : 280,
    "errorCount" : 276,
    "errorPct" : 98.57143,
    "meanResTime" : 839.2428571428569,
    "medianResTime" : 840.0,
    "minResTime" : 722.0,
    "maxResTime" : 964.0,
    "pct1ResTime" : 922.8,
    "pct2ResTime" : 938.0,
    "pct3ResTime" : 960.19,
    "throughput" : 2.469571352972306,
    "receivedKBytesPerSec" : 0.557100568883401,
    "sentKBytesPerSec" : 0.0
  },
  "Config #1 request" : {
    "transaction" : "Config #1 request",
    "sampleCount" : 280,
    "errorCount" : 280,
    "errorPct" : 100.0,
    "meanResTime" : 1036.2607142857146,
    "medianResTime" : 1034.0,
    "minResTime" : 925.0,
    "maxResTime" : 1201.0,
    "pct1ResTime" : 1102.6,
    "pct2ResTime" : 1129.95,
    "pct3ResTime" : 1173.19,
    "throughput" : 2.4653964005212554,
    "receivedKBytesPerSec" : 0.5561587583207128,
    "sentKBytesPerSec" : 0.0
  }
}