{
  "Config #3 request" : {
    "transaction" : "Config #3 request",
    "sampleCount" : 1120,
    "errorCount" : 5,
    "errorPct" : 0.44642857,
    "meanResTime" : 482.0982142857144,
    "medianResTime" : 471.0,
    "minResTime" : 311.0,
    "maxResTime" : 1062.0,
    "pct1ResTime" : 570.0,
    "pct2ResTime" : 599.9000000000001,
    "pct3ResTime" : 629.1599999999999,
    "throughput" : 3.8228909247300087,
    "receivedKBytesPerSec" : 0.8623904332154609,
    "sentKBytesPerSec" : 0.0
  },
  "Total" : {
    "transaction" : "Total",
    "sampleCount" : 3360,
    "errorCount" : 2228,
    "errorPct" : 66.309525,
    "meanResTime" : 807.6279761904746,
    "medianResTime" : 874.0,
    "minResTime" : 311.0,
    "maxResTime" : 1599.0,
    "pct1ResTime" : 1068.0,
    "pct2ResTime" : 1096.9499999999998,
    "pct3ResTime" : 1154.0,
    "throughput" : 11.445506105973124,
    "receivedKBytesPerSec" : 2.5819452250779213,
    "sentKBytesPerSec" : 0.0
  },
  "Config #2 request" : {
    "transaction" : "Config #2 request",
    "sampleCount" : 1120,
    "errorCount" : 1103,
    "errorPct" : 98.48214,
    "meanResTime" : 876.2955357142855,
    "medianResTime" : 873.5,
    "minResTime" : 709.0,
    "maxResTime" : 1421.0,
    "pct1ResTime" : 937.0,
    "pct2ResTime" : 952.95,
    "pct3ResTime" : 978.5799999999999,
    "throughput" : 3.8166508207503127,
    "receivedKBytesPerSec" : 0.8609827535091037,
    "sentKBytesPerSec" : 0.0
  },
  "Config #1 request" : {
    "transaction" : "Config #1 request",
    "sampleCount" : 1120,
    "errorCount" : 1120,
    "errorPct" : 100.0,
    "meanResTime" : 1064.4901785714299,
    "medianResTime" : 1065.0,
    "minResTime" : 911.0,
    "maxResTime" : 1599.0,
    "pct1ResTime" : 1116.0,
    "pct2ResTime" : 1146.0,
    "pct3ResTime" : 1181.79,
    "throughput" : 3.815168701991041,
    "receivedKBytesPerSec" : 0.8606484083593071,
    "sentKBytesPerSec" : 0.0
  }
}